case_id,shape,elements,dtype,approximate,aclnn,aclnn_mode,kernel,scheduler,schMode,template_approximate,template_dtype,dag,compute,algorithm,shape_effect,kernel_source,dag_source,evidence
1,"[1024, 1024]",1048576,float16,none,aclnnGeluV2,0,gelu_v2,ElementwiseSch16B,1,1,1,GeluV2Erf16BDag<half>,SIMD,FP32 promotion; ErfFast<float>: default PADE_APPROXIMATION,"flattened element count, block partition, UB loops, masked tails",/home/aloschilov/workspace/ops-nn/activation/gelu_v2/op_kernel/gelu_v2_apt.cpp,/home/aloschilov/workspace/ops-nn/activation/gelu_v2/op_kernel/arch35/gelu_v2_dag.h,source-derived on inspected Ascend950 eager path; runner binary not captured
2,"[2048, 2048]",4194304,float32,none,aclnnGeluV2,0,gelu_v2,ElementwiseSch16B,1,1,3,GeluV2Erf32BDag<float>,SIMD,Vec::Erf<float>: SUBSECTION_POLYNOMIAL_APPROXIMATION,"flattened element count, block partition, UB loops, masked tails",/home/aloschilov/workspace/ops-nn/activation/gelu_v2/op_kernel/gelu_v2_apt.cpp,/home/aloschilov/workspace/ops-nn/activation/gelu_v2/op_kernel/arch35/gelu_v2_dag.h,source-derived on inspected Ascend950 eager path; runner binary not captured
3,"[4096, 4096]",16777216,bfloat16,none,aclnnGeluV2,0,gelu_v2,ElementwiseSch16B,1,1,2,GeluV2Erf16BDag<bfloat16_t>,SIMD,FP32 promotion; ErfFast<float>: default PADE_APPROXIMATION,"flattened element count, block partition, UB loops, masked tails",/home/aloschilov/workspace/ops-nn/activation/gelu_v2/op_kernel/gelu_v2_apt.cpp,/home/aloschilov/workspace/ops-nn/activation/gelu_v2/op_kernel/arch35/gelu_v2_dag.h,source-derived on inspected Ascend950 eager path; runner binary not captured
4,"[8192, 8192]",67108864,float16,tanh,aclnnGeluV2,1,gelu_v2,ElementwiseSch16B,1,2,1,GeluV2TanhDag<half>,SIMD,FP32 vector exp/div sigmoid-equivalent tanh approximation,"flattened element count, block partition, UB loops, masked tails",/home/aloschilov/workspace/ops-nn/activation/gelu_v2/op_kernel/gelu_v2_apt.cpp,/home/aloschilov/workspace/ops-nn/activation/gelu_v2/op_kernel/arch35/gelu_v2_dag.h,source-derived on inspected Ascend950 eager path; runner binary not captured
5,"[8192, 8192]",67108864,float32,tanh,aclnnGeluV2,1,gelu_v2,ElementwiseSch16B,1,2,3,GeluV2TanhDag<float>,SIMD,FP32 vector exp/div sigmoid-equivalent tanh approximation,"flattened element count, block partition, UB loops, masked tails",/home/aloschilov/workspace/ops-nn/activation/gelu_v2/op_kernel/gelu_v2_apt.cpp,/home/aloschilov/workspace/ops-nn/activation/gelu_v2/op_kernel/arch35/gelu_v2_dag.h,source-derived on inspected Ascend950 eager path; runner binary not captured
6,"[1023, 1023]",1046529,bfloat16,tanh,aclnnGeluV2,1,gelu_v2,ElementwiseSch16B,1,2,2,GeluV2TanhDag<bfloat16_t>,SIMD,FP32 vector exp/div sigmoid-equivalent tanh approximation,"flattened element count, block partition, UB loops, masked tails",/home/aloschilov/workspace/ops-nn/activation/gelu_v2/op_kernel/gelu_v2_apt.cpp,/home/aloschilov/workspace/ops-nn/activation/gelu_v2/op_kernel/arch35/gelu_v2_dag.h,source-derived on inspected Ascend950 eager path; runner binary not captured
7,"[1009, 1021]",1030189,float16,none,aclnnGeluV2,0,gelu_v2,ElementwiseSch16B,1,1,1,GeluV2Erf16BDag<half>,SIMD,FP32 promotion; ErfFast<float>: default PADE_APPROXIMATION,"flattened element count, block partition, UB loops, masked tails",/home/aloschilov/workspace/ops-nn/activation/gelu_v2/op_kernel/gelu_v2_apt.cpp,/home/aloschilov/workspace/ops-nn/activation/gelu_v2/op_kernel/arch35/gelu_v2_dag.h,source-derived on inspected Ascend950 eager path; runner binary not captured
8,"[1537, 769]",1181953,float32,tanh,aclnnGeluV2,1,gelu_v2,ElementwiseSch16B,1,2,3,GeluV2TanhDag<float>,SIMD,FP32 vector exp/div sigmoid-equivalent tanh approximation,"flattened element count, block partition, UB loops, masked tails",/home/aloschilov/workspace/ops-nn/activation/gelu_v2/op_kernel/gelu_v2_apt.cpp,/home/aloschilov/workspace/ops-nn/activation/gelu_v2/op_kernel/arch35/gelu_v2_dag.h,source-derived on inspected Ascend950 eager path; runner binary not captured
9,"[363, 367, 373]",49691433,bfloat16,none,aclnnGeluV2,0,gelu_v2,ElementwiseSch16B,1,1,2,GeluV2Erf16BDag<bfloat16_t>,SIMD,FP32 promotion; ErfFast<float>: default PADE_APPROXIMATION,"flattened element count, block partition, UB loops, masked tails",/home/aloschilov/workspace/ops-nn/activation/gelu_v2/op_kernel/gelu_v2_apt.cpp,/home/aloschilov/workspace/ops-nn/activation/gelu_v2/op_kernel/arch35/gelu_v2_dag.h,source-derived on inspected Ascend950 eager path; runner binary not captured
10,"[2049, 513]",1051137,float16,tanh,aclnnGeluV2,1,gelu_v2,ElementwiseSch16B,1,2,1,GeluV2TanhDag<half>,SIMD,FP32 vector exp/div sigmoid-equivalent tanh approximation,"flattened element count, block partition, UB loops, masked tails",/home/aloschilov/workspace/ops-nn/activation/gelu_v2/op_kernel/gelu_v2_apt.cpp,/home/aloschilov/workspace/ops-nn/activation/gelu_v2/op_kernel/arch35/gelu_v2_dag.h,source-derived on inspected Ascend950 eager path; runner binary not captured
11,"[3, 7, 13, 4001]",1092273,float32,none,aclnnGeluV2,0,gelu_v2,ElementwiseSch16B,1,1,3,GeluV2Erf32BDag<float>,SIMD,Vec::Erf<float>: SUBSECTION_POLYNOMIAL_APPROXIMATION,"flattened element count, block partition, UB loops, masked tails",/home/aloschilov/workspace/ops-nn/activation/gelu_v2/op_kernel/gelu_v2_apt.cpp,/home/aloschilov/workspace/ops-nn/activation/gelu_v2/op_kernel/arch35/gelu_v2_dag.h,source-derived on inspected Ascend950 eager path; runner binary not captured
12,[1000003],1000003,bfloat16,tanh,aclnnGeluV2,1,gelu_v2,ElementwiseSch16B,1,2,2,GeluV2TanhDag<bfloat16_t>,SIMD,FP32 vector exp/div sigmoid-equivalent tanh approximation,"flattened element count, block partition, UB loops, masked tails",/home/aloschilov/workspace/ops-nn/activation/gelu_v2/op_kernel/gelu_v2_apt.cpp,/home/aloschilov/workspace/ops-nn/activation/gelu_v2/op_kernel/arch35/gelu_v2_dag.h,source-derived on inspected Ascend950 eager path; runner binary not captured
13,"[11, 13, 17, 67, 67]",10912759,float32,none,aclnnGeluV2,0,gelu_v2,ElementwiseSch16B,1,1,3,GeluV2Erf32BDag<float>,SIMD,Vec::Erf<float>: SUBSECTION_POLYNOMIAL_APPROXIMATION,"flattened element count, block partition, UB loops, masked tails",/home/aloschilov/workspace/ops-nn/activation/gelu_v2/op_kernel/gelu_v2_apt.cpp,/home/aloschilov/workspace/ops-nn/activation/gelu_v2/op_kernel/arch35/gelu_v2_dag.h,source-derived on inspected Ascend950 eager path; runner binary not captured
14,"[3, 7, 11, 13, 1009]",3030027,float16,tanh,aclnnGeluV2,1,gelu_v2,ElementwiseSch16B,1,2,1,GeluV2TanhDag<half>,SIMD,FP32 vector exp/div sigmoid-equivalent tanh approximation,"flattened element count, block partition, UB loops, masked tails",/home/aloschilov/workspace/ops-nn/activation/gelu_v2/op_kernel/gelu_v2_apt.cpp,/home/aloschilov/workspace/ops-nn/activation/gelu_v2/op_kernel/arch35/gelu_v2_dag.h,source-derived on inspected Ascend950 eager path; runner binary not captured
15,"[512, 2049]",1049088,float32,none,aclnnGeluV2,0,gelu_v2,ElementwiseSch16B,1,1,3,GeluV2Erf32BDag<float>,SIMD,Vec::Erf<float>: SUBSECTION_POLYNOMIAL_APPROXIMATION,"flattened element count, block partition, UB loops, masked tails",/home/aloschilov/workspace/ops-nn/activation/gelu_v2/op_kernel/gelu_v2_apt.cpp,/home/aloschilov/workspace/ops-nn/activation/gelu_v2/op_kernel/arch35/gelu_v2_dag.h,source-derived on inspected Ascend950 eager path; runner binary not captured
16,"[255, 8193]",2089215,bfloat16,none,aclnnGeluV2,0,gelu_v2,ElementwiseSch16B,1,1,2,GeluV2Erf16BDag<bfloat16_t>,SIMD,FP32 promotion; ErfFast<float>: default PADE_APPROXIMATION,"flattened element count, block partition, UB loops, masked tails",/home/aloschilov/workspace/ops-nn/activation/gelu_v2/op_kernel/gelu_v2_apt.cpp,/home/aloschilov/workspace/ops-nn/activation/gelu_v2/op_kernel/arch35/gelu_v2_dag.h,source-derived on inspected Ascend950 eager path; runner binary not captured
17,"[4097, 511]",2093567,float16,tanh,aclnnGeluV2,1,gelu_v2,ElementwiseSch16B,1,2,1,GeluV2TanhDag<half>,SIMD,FP32 vector exp/div sigmoid-equivalent tanh approximation,"flattened element count, block partition, UB loops, masked tails",/home/aloschilov/workspace/ops-nn/activation/gelu_v2/op_kernel/gelu_v2_apt.cpp,/home/aloschilov/workspace/ops-nn/activation/gelu_v2/op_kernel/arch35/gelu_v2_dag.h,source-derived on inspected Ascend950 eager path; runner binary not captured
18,"[2, 511, 2049]",2094078,float32,none,aclnnGeluV2,0,gelu_v2,ElementwiseSch16B,1,1,3,GeluV2Erf32BDag<float>,SIMD,Vec::Erf<float>: SUBSECTION_POLYNOMIAL_APPROXIMATION,"flattened element count, block partition, UB loops, masked tails",/home/aloschilov/workspace/ops-nn/activation/gelu_v2/op_kernel/gelu_v2_apt.cpp,/home/aloschilov/workspace/ops-nn/activation/gelu_v2/op_kernel/arch35/gelu_v2_dag.h,source-derived on inspected Ascend950 eager path; runner binary not captured
19,"[4, 255, 2049]",2089980,bfloat16,tanh,aclnnGeluV2,1,gelu_v2,ElementwiseSch16B,1,2,2,GeluV2TanhDag<bfloat16_t>,SIMD,FP32 vector exp/div sigmoid-equivalent tanh approximation,"flattened element count, block partition, UB loops, masked tails",/home/aloschilov/workspace/ops-nn/activation/gelu_v2/op_kernel/gelu_v2_apt.cpp,/home/aloschilov/workspace/ops-nn/activation/gelu_v2/op_kernel/arch35/gelu_v2_dag.h,source-derived on inspected Ascend950 eager path; runner binary not captured
20,"[2, 3, 17, 1024, 101]",10549248,float32,none,aclnnGeluV2,0,gelu_v2,ElementwiseSch16B,1,1,3,GeluV2Erf32BDag<float>,SIMD,Vec::Erf<float>: SUBSECTION_POLYNOMIAL_APPROXIMATION,"flattened element count, block partition, UB loops, masked tails",/home/aloschilov/workspace/ops-nn/activation/gelu_v2/op_kernel/gelu_v2_apt.cpp,/home/aloschilov/workspace/ops-nn/activation/gelu_v2/op_kernel/arch35/gelu_v2_dag.h,source-derived on inspected Ascend950 eager path; runner binary not captured
