case_id,shape,dtype,mode,elements,ttk_key,core_num,logical_blocks,block_length,last_block_elements,tile,regular_full_tiles,regular_tail_elements,last_full_tiles,last_tail_elements,unroll,UB_bytes,always_compile,auto_sync,auto_sync_log,bisheng_options,debug,insert_sync,kernel_type,matmul_cube_only,opt_level,print_ir_before_all,reuse_alloc,run_passes,static_alloc,strip_loc,verify_sync,vf_fusion,vf_vec_len,accuracy_passed,status,elapsed_us,baseline_us,speedup,previous_elapsed_us,previous_over_current,asctile_code,ascendc_code
1,1024x1024,float16,none,1048576,5,72,71,14848,9216,4608,3,1024,2,0,2,73728,False,True,,,False,True,KernelType.AIV_ONLY,False,3,False,2,True,,False,False,True,256,True,success,13.38,4.49,0.33557548579970103,11.41,0.8527653213751868,asctile/float16_none.py,ascendc/2f6b906f9982d4e8.cpp
2,2048x2048,float32,none,4194304,13,72,72,58368,50176,5440,10,3968,9,1216,2,87040,False,True,,,False,True,KernelType.AIV_ONLY,False,3,False,2,True,,False,False,True,256,True,success,48.12,15.37,0.3194098088113051,48.93,1.0168329177057358,asctile/float32_none.py,ascendc/5e96b3de2c8e08c5.cpp
3,4096x4096,bfloat16,none,16777216,9,72,72,233472,200704,4608,50,3072,43,2560,2,73728,False,True,,,False,True,KernelType.AIV_ONLY,False,3,False,2,True,,False,False,True,256,True,success,121.28,30.14,0.24851583113456466,129.98,1.0717348284960422,asctile/bfloat16_none.py,ascendc/3e55ab61c8b8e473.cpp
4,8192x8192,float16,tanh,67108864,7,72,72,932352,911872,5376,173,2304,169,3328,2,64512,False,True,,,False,True,KernelType.AIV_ONLY,False,3,False,2,True,,False,False,True,256,True,success,250.44,172.93,0.690504711707395,240.63,0.9608289410637278,asctile/float16_tanh.py,ascendc/bc24f152dc502447.cpp
5,8192x8192,float32,tanh,67108864,15,72,72,932352,911872,8192,113,6656,111,2560,2,131072,False,True,,,False,True,KernelType.AIV_ONLY,False,3,False,2,True,,False,False,True,256,True,success,347.32,387.265,1.115009213405505,358.37,1.031815040884487,asctile/float32_tanh.py,ascendc/a613eabd272768f7.cpp
6,1023x1023,bfloat16,tanh,1046529,11,72,71,14848,7169,5376,2,4096,1,1793,2,64512,False,True,,,False,True,KernelType.AIV_ONLY,False,3,False,2,True,,False,False,True,256,True,success,7.73,4.46,0.5769728331177231,7.21,0.9327296248382924,asctile/bfloat16_tanh.py,ascendc/e3c7d56e7e327d22.cpp
7,1009x1021,float16,none,1030189,5,72,72,14336,12333,4608,3,512,2,3117,2,73728,False,True,,,False,True,KernelType.AIV_ONLY,False,3,False,2,True,,False,False,True,256,True,success,13.55,4.45,0.3284132841328413,8.73,0.6442804428044281,asctile/float16_none.py,ascendc/2f6b906f9982d4e8.cpp
8,1537x769,float32,tanh,1181953,15,72,70,16896,16129,8192,2,512,1,7937,2,131072,False,True,,,False,True,KernelType.AIV_ONLY,False,3,False,2,True,,False,False,True,256,True,success,8.74,6.11,0.6990846681922197,8.25,0.9439359267734554,asctile/float32_tanh.py,ascendc/a613eabd272768f7.cpp
9,363x367x373,bfloat16,none,49691433,9,72,72,690176,688937,4608,149,3584,149,2345,2,73728,False,True,,,False,True,KernelType.AIV_ONLY,False,3,False,2,True,,False,False,True,256,True,success,348.18,117.53,0.3375552874949739,364.85,1.0478775346085358,asctile/bfloat16_none.py,ascendc/3e55ab61c8b8e473.cpp
10,2049x513,float16,tanh,1051137,7,72,71,14848,11777,5376,2,4096,2,1025,2,64512,False,True,,,False,True,KernelType.AIV_ONLY,False,3,False,2,True,,False,False,True,256,True,success,7.72,4.56,0.5906735751295337,5.22,0.6761658031088082,asctile/float16_tanh.py,ascendc/bc24f152dc502447.cpp
11,3x7x13x4001,float32,none,1092273,13,72,72,15360,1713,5440,2,4480,0,1713,2,87040,False,True,,,False,True,KernelType.AIV_ONLY,False,3,False,2,True,,False,False,True,256,True,success,16.88,6.05,0.3584123222748815,16.27,0.9638625592417062,asctile/float32_none.py,ascendc/5e96b3de2c8e08c5.cpp
12,1000003,bfloat16,tanh,1000003,11,72,70,14336,10819,5376,2,3584,2,67,2,64512,False,True,,,False,True,KernelType.AIV_ONLY,False,3,False,2,True,,False,False,True,256,True,success,7.68,4.38,0.5703125,5.16,0.671875,asctile/bfloat16_tanh.py,ascendc/e3c7d56e7e327d22.cpp
13,11x13x17x67x67,float32,none,10912759,13,72,72,152064,116215,5440,27,5184,21,1975,2,87040,False,True,,,False,True,KernelType.AIV_ONLY,False,3,False,2,True,,False,False,True,256,True,success,113.38,37.455,0.3303492679484918,126.09,1.1121008996295643,asctile/float32_none.py,ascendc/5e96b3de2c8e08c5.cpp
14,3x7x11x13x1009,float16,tanh,3030027,7,72,72,42496,12811,5376,7,4864,2,2059,2,64512,False,True,,,False,True,KernelType.AIV_ONLY,False,3,False,2,True,,False,False,True,256,True,success,14.18,7.78,0.5486600846262342,11.6,0.8180535966149506,asctile/float16_tanh.py,ascendc/bc24f152dc502447.cpp
15,512x2049,float32,none,1049088,13,72,71,14848,9728,5440,2,3968,1,4288,2,87040,False,True,,,False,True,KernelType.AIV_ONLY,False,3,False,2,True,,False,False,True,256,True,success,16.6,5.98,0.3602409638554217,13.32,0.8024096385542168,asctile/float32_none.py,ascendc/5e96b3de2c8e08c5.cpp
16,255x8193,bfloat16,none,2089215,9,72,72,29184,17151,4608,6,1536,3,3327,2,73728,False,True,,,False,True,KernelType.AIV_ONLY,False,3,False,2,True,,False,False,True,256,True,success,20.32,6.23,0.3065944881889764,19.89,0.9788385826771654,asctile/bfloat16_none.py,ascendc/3e55ab61c8b8e473.cpp
17,4097x511,float16,tanh,2093567,7,72,72,29184,21503,5376,5,2304,3,5375,2,64512,False,True,,,False,True,KernelType.AIV_ONLY,False,3,False,2,True,,False,False,True,256,True,success,11.57,6.31,0.5453759723422644,10.48,0.9057908383751081,asctile/float16_tanh.py,ascendc/bc24f152dc502447.cpp
18,2x511x2049,float32,none,2094078,13,72,72,29184,22014,5440,5,1984,4,254,2,87040,False,True,,,False,True,KernelType.AIV_ONLY,False,3,False,2,True,,False,False,True,256,True,success,28.29,8.86,0.31318487097914455,24.86,0.8787557440791799,asctile/float32_none.py,ascendc/5e96b3de2c8e08c5.cpp
19,4x255x2049,bfloat16,tanh,2089980,11,72,72,29184,17916,5376,5,2304,3,1788,2,64512,False,True,,,False,True,KernelType.AIV_ONLY,False,3,False,2,True,,False,False,True,256,True,success,11.65,6.26,0.5373390557939913,10.7,0.9184549356223175,asctile/bfloat16_tanh.py,ascendc/e3c7d56e7e327d22.cpp
20,2x3x17x1024x101,float32,none,10549248,13,72,72,146944,116224,5440,27,64,21,1984,2,87040,False,True,,,False,True,KernelType.AIV_ONLY,False,3,False,2,True,,False,False,True,256,True,success,112.7,36.195,0.3211623779946761,120.19,1.0664596273291924,asctile/float32_none.py,ascendc/5e96b3de2c8e08c5.cpp
